visitor_id,referrer,page,user_agent,id,created_date,updated_date,created_by_id,created_by,is_sample
"jsmduel6ylpmonrnbbg","direct","/","Mozilla/5.0 (Windows NT 10.0; Win64; x64) AppleWebKit/537.36 (KHTML, like Gecko) Chrome/147.0.0.0 Safari/537.36","69f66054eae9cf1c23fbb5e4","2026-05-02T20:36:36.953000","2026-05-02T20:36:36.953000","69ee32c21259f0511987060d","elimcoen@gmail.com","false"
"3khnnta18qqmonqjw02","https://app.base44.com/","/","Mozilla/5.0 (Windows NT 10.0; Win64; x64) AppleWebKit/537.36 (KHTML, like Gecko) Chrome/147.0.0.0 Safari/537.36","69f6600ade38d117e43098e7","2026-05-02T20:35:22.918000","2026-05-02T20:35:22.918000","69ee32c21259f0511987060d","elimcoen@gmail.com","false"
"kk6nmbx7xhmonrdhd8","https://app.base44.com/","/","Mozilla/5.0 (Windows NT 10.0; Win64; x64) AppleWebKit/537.36 (KHTML, like Gecko) Chrome/147.0.0.0 Safari/537.36","69f660011e513d30033f8161","2026-05-02T20:35:13.522000","2026-05-02T20:35:13.522000","69ee32c21259f0511987060d","elimcoen@gmail.com","false"
"3khnnta18qqmonqjw02","https://app.base44.com/","/","Mozilla/5.0 (Windows NT 10.0; Win64; x64) AppleWebKit/537.36 (KHTML, like Gecko) Chrome/147.0.0.0 Safari/537.36","69f65fdfd960ae861d6d8b58","2026-05-02T20:34:39.803000","2026-05-02T20:34:39.803000","69ee32c21259f0511987060d","elimcoen@gmail.com","false"
"kk6nmbx7xhmonrdhd8","https://app.base44.com/","/","Mozilla/5.0 (Windows NT 10.0; Win64; x64) AppleWebKit/537.36 (KHTML, like Gecko) Chrome/147.0.0.0 Safari/537.36","69f65fdcb9f984be6ee0ee6e","2026-05-02T20:34:36.091000","2026-05-02T20:34:36.091000","69ee32c21259f0511987060d","elimcoen@gmail.com","false"
"kk6nmbx7xhmonrdhd8","https://app.base44.com/","/movies","Mozilla/5.0 (Windows NT 10.0; Win64; x64) AppleWebKit/537.36 (KHTML, like Gecko) Chrome/147.0.0.0 Safari/537.36","69f65f5cb4ea43afbf5eface","2026-05-02T20:32:28.445000","2026-05-02T20:32:28.445000","69ee32c21259f0511987060d","elimcoen@gmail.com","false"
"kk6nmbx7xhmonrdhd8","https://app.base44.com/","/movies/69f605a982b50fe953e000dd","Mozilla/5.0 (Windows NT 10.0; Win64; x64) AppleWebKit/537.36 (KHTML, like Gecko) Chrome/147.0.0.0 Safari/537.36","69f65f559f80263537122525","2026-05-02T20:32:21.255000","2026-05-02T20:32:21.255000","69ee32c21259f0511987060d","elimcoen@gmail.com","false"
"kk6nmbx7xhmonrdhd8","https://app.base44.com/","/movies","Mozilla/5.0 (Windows NT 10.0; Win64; x64) AppleWebKit/537.36 (KHTML, like Gecko) Chrome/147.0.0.0 Safari/537.36","69f65f4ea35c1ea5ccc65927","2026-05-02T20:32:14.908000","2026-05-02T20:32:14.908000","69ee32c21259f0511987060d","elimcoen@gmail.com","false"
"kk6nmbx7xhmonrdhd8","https://app.base44.com/","/settings","Mozilla/5.0 (Windows NT 10.0; Win64; x64) AppleWebKit/537.36 (KHTML, like Gecko) Chrome/147.0.0.0 Safari/537.36","69f65f4e0f4dd9fd8428c9ac","2026-05-02T20:32:14.183000","2026-05-02T20:32:14.183000","69ee32c21259f0511987060d","elimcoen@gmail.com","false"
"3khnnta18qqmonqjw02","https://app.base44.com/","/","Mozilla/5.0 (Windows NT 10.0; Win64; x64) AppleWebKit/537.36 (KHTML, like Gecko) Chrome/147.0.0.0 Safari/537.36","69f65f4d82bbb7db334ce011","2026-05-02T20:32:13.576000","2026-05-02T20:32:13.576000","69ee32c21259f0511987060d","elimcoen@gmail.com","false"
"kk6nmbx7xhmonrdhd8","https://app.base44.com/","/","Mozilla/5.0 (Windows NT 10.0; Win64; x64) AppleWebKit/537.36 (KHTML, like Gecko) Chrome/147.0.0.0 Safari/537.36","69f65f4a29a783e8a7b58335","2026-05-02T20:32:10.444000","2026-05-02T20:32:10.444000","69ee32c21259f0511987060d","elimcoen@gmail.com","false"
"jsmduel6ylpmonrnbbg","https://app.base44.com/","/settings","Mozilla/5.0 (Windows NT 10.0; Win64; x64) AppleWebKit/537.36 (KHTML, like Gecko) Chrome/147.0.0.0 Safari/537.36","69f65ee2e0b13590e737882c","2026-05-02T20:30:26.934000","2026-05-02T20:30:26.934000","69ee32c21259f0511987060d","elimcoen@gmail.com","false"
"jsmduel6ylpmonrnbbg","https://app.base44.com/","/movies","Mozilla/5.0 (Windows NT 10.0; Win64; x64) AppleWebKit/537.36 (KHTML, like Gecko) Chrome/147.0.0.0 Safari/537.36","69f65ee0bed1c2474bfb6fd9","2026-05-02T20:30:24.431000","2026-05-02T20:30:24.431000","69ee32c21259f0511987060d","elimcoen@gmail.com","false"
"jsmduel6ylpmonrnbbg","https://app.base44.com/","/games","Mozilla/5.0 (Windows NT 10.0; Win64; x64) AppleWebKit/537.36 (KHTML, like Gecko) Chrome/147.0.0.0 Safari/537.36","69f65edb4769a449e3496f75","2026-05-02T20:30:19.476000","2026-05-02T20:30:19.476000","69ee32c21259f0511987060d","elimcoen@gmail.com","false"
"jsmduel6ylpmonrnbbg","https://app.base44.com/","/movies","Mozilla/5.0 (Windows NT 10.0; Win64; x64) AppleWebKit/537.36 (KHTML, like Gecko) Chrome/147.0.0.0 Safari/537.36","69f65ed57bb1ef4946b5bda0","2026-05-02T20:30:13.311000","2026-05-02T20:30:13.311000","69ee32c21259f0511987060d","elimcoen@gmail.com","false"
"jsmduel6ylpmonrnbbg","https://app.base44.com/","/games","Mozilla/5.0 (Windows NT 10.0; Win64; x64) AppleWebKit/537.36 (KHTML, like Gecko) Chrome/147.0.0.0 Safari/537.36","69f65ec3bbfe1f6c1e248dd8","2026-05-02T20:29:55.778000","2026-05-02T20:29:55.778000","69ee32c21259f0511987060d","elimcoen@gmail.com","false"
"jsmduel6ylpmonrnbbg","https://app.base44.com/","/movies","Mozilla/5.0 (Windows NT 10.0; Win64; x64) AppleWebKit/537.36 (KHTML, like Gecko) Chrome/147.0.0.0 Safari/537.36","69f65ec22115257460f1862f","2026-05-02T20:29:54.168000","2026-05-02T20:29:54.168000","69ee32c21259f0511987060d","elimcoen@gmail.com","false"
"jsmduel6ylpmonrnbbg","https://app.base44.com/","/settings","Mozilla/5.0 (Windows NT 10.0; Win64; x64) AppleWebKit/537.36 (KHTML, like Gecko) Chrome/147.0.0.0 Safari/537.36","69f65e27721b1110aaa6ba17","2026-05-02T20:27:19.739000","2026-05-02T20:27:19.739000","69ee32c21259f0511987060d","elimcoen@gmail.com","false"
"jsmduel6ylpmonrnbbg","https://app.base44.com/","/movies","Mozilla/5.0 (Windows NT 10.0; Win64; x64) AppleWebKit/537.36 (KHTML, like Gecko) Chrome/147.0.0.0 Safari/537.36","69f65e23d2a15fd71d8008e8","2026-05-02T20:27:15.150000","2026-05-02T20:27:15.150000","69ee32c21259f0511987060d","elimcoen@gmail.com","false"
"jsmduel6ylpmonrnbbg","https://app.base44.com/","/","Mozilla/5.0 (Windows NT 10.0; Win64; x64) AppleWebKit/537.36 (KHTML, like Gecko) Chrome/147.0.0.0 Safari/537.36","69f65e217f421b280096abd8","2026-05-02T20:27:13.621000","2026-05-02T20:27:13.621000","69ee32c21259f0511987060d","elimcoen@gmail.com","false"
"jsmduel6ylpmonrnbbg","https://app.base44.com/","/movies","Mozilla/5.0 (Windows NT 10.0; Win64; x64) AppleWebKit/537.36 (KHTML, like Gecko) Chrome/147.0.0.0 Safari/537.36","69f65debdd2d221739ba0d78","2026-05-02T20:26:19.254000","2026-05-02T20:26:19.254000","69ee32c21259f0511987060d","elimcoen@gmail.com","false"
"jsmduel6ylpmonrnbbg","https://app.base44.com/","/movies/69f655cd10793d6393d81eeb","Mozilla/5.0 (Windows NT 10.0; Win64; x64) AppleWebKit/537.36 (KHTML, like Gecko) Chrome/147.0.0.0 Safari/537.36","69f65de9ec3c775824ca9c39","2026-05-02T20:26:17.283000","2026-05-02T20:26:17.283000","69ee32c21259f0511987060d","elimcoen@gmail.com","false"
"jsmduel6ylpmonrnbbg","https://app.base44.com/","/movies","Mozilla/5.0 (Windows NT 10.0; Win64; x64) AppleWebKit/537.36 (KHTML, like Gecko) Chrome/147.0.0.0 Safari/537.36","69f65de824a8a03eb6146106","2026-05-02T20:26:16.643000","2026-05-02T20:26:16.643000","69ee32c21259f0511987060d","elimcoen@gmail.com","false"
"jsmduel6ylpmonrnbbg","https://app.base44.com/","/movies/69f655f62198544f13ce152c","Mozilla/5.0 (Windows NT 10.0; Win64; x64) AppleWebKit/537.36 (KHTML, like Gecko) Chrome/147.0.0.0 Safari/537.36","69f65de43f877d61e1148b9a","2026-05-02T20:26:12.697000","2026-05-02T20:26:12.697000","69ee32c21259f0511987060d","elimcoen@gmail.com","false"
"jsmduel6ylpmonrnbbg","https://app.base44.com/","/movies","Mozilla/5.0 (Windows NT 10.0; Win64; x64) AppleWebKit/537.36 (KHTML, like Gecko) Chrome/147.0.0.0 Safari/537.36","69f65de343230f6f552bbd12","2026-05-02T20:26:11.473000","2026-05-02T20:26:11.473000","69ee32c21259f0511987060d","elimcoen@gmail.com","false"
"jsmduel6ylpmonrnbbg","https://app.base44.com/","/movies/69f65cdb79a3f1a26be0b834","Mozilla/5.0 (Windows NT 10.0; Win64; x64) AppleWebKit/537.36 (KHTML, like Gecko) Chrome/147.0.0.0 Safari/537.36","69f65ddde716e372fe00dced","2026-05-02T20:26:05.246000","2026-05-02T20:26:05.246000","69ee32c21259f0511987060d","elimcoen@gmail.com","false"
"jsmduel6ylpmonrnbbg","https://app.base44.com/","/movies","Mozilla/5.0 (Windows NT 10.0; Win64; x64) AppleWebKit/537.36 (KHTML, like Gecko) Chrome/147.0.0.0 Safari/537.36","69f65dd8b621b9a0d6d97e02","2026-05-02T20:26:00.274000","2026-05-02T20:26:00.274000","69ee32c21259f0511987060d","elimcoen@gmail.com","false"
"jsmduel6ylpmonrnbbg","https://app.base44.com/","/games","Mozilla/5.0 (Windows NT 10.0; Win64; x64) AppleWebKit/537.36 (KHTML, like Gecko) Chrome/147.0.0.0 Safari/537.36","69f65dc951c2e61a6babbcd8","2026-05-02T20:25:45.655000","2026-05-02T20:25:45.655000","69ee32c21259f0511987060d","elimcoen@gmail.com","false"
"jsmduel6ylpmonrnbbg","https://app.base44.com/","/","Mozilla/5.0 (Windows NT 10.0; Win64; x64) AppleWebKit/537.36 (KHTML, like Gecko) Chrome/147.0.0.0 Safari/537.36","69f65dc7f1fbcff55cf259e0","2026-05-02T20:25:43.796000","2026-05-02T20:25:43.796000","69ee32c21259f0511987060d","elimcoen@gmail.com","false"
"kk6nmbx7xhmonrdhd8","https://app.base44.com/","/","Mozilla/5.0 (Windows NT 10.0; Win64; x64) AppleWebKit/537.36 (KHTML, like Gecko) Chrome/147.0.0.0 Safari/537.36","69f65d0584d36d9e32c284d4","2026-05-02T20:22:29.093000","2026-05-02T20:22:29.093000","69ee32c21259f0511987060d","elimcoen@gmail.com","false"
"kk6nmbx7xhmonrdhd8","https://app.base44.com/","/games","Mozilla/5.0 (Windows NT 10.0; Win64; x64) AppleWebKit/537.36 (KHTML, like Gecko) Chrome/147.0.0.0 Safari/537.36","69f65d0085d93c4b67bb77e5","2026-05-02T20:22:24.284000","2026-05-02T20:22:24.284000","69ee32c21259f0511987060d","elimcoen@gmail.com","false"
"3khnnta18qqmonqjw02","https://app.base44.com/","/","Mozilla/5.0 (Windows NT 10.0; Win64; x64) AppleWebKit/537.36 (KHTML, like Gecko) Chrome/147.0.0.0 Safari/537.36","69f65ccfed1f8408295d6739","2026-05-02T20:21:35.365000","2026-05-02T20:21:35.365000","69ee32c21259f0511987060d","elimcoen@gmail.com","false"
"kk6nmbx7xhmonrdhd8","https://app.base44.com/","/","Mozilla/5.0 (Windows NT 10.0; Win64; x64) AppleWebKit/537.36 (KHTML, like Gecko) Chrome/147.0.0.0 Safari/537.36","69f65cb0721b1110aaa6b96f","2026-05-02T20:21:04.802000","2026-05-02T20:21:04.802000","69ee32c21259f0511987060d","elimcoen@gmail.com","false"
"jsmduel6ylpmonrnbbg","direct","/settings","Mozilla/5.0 (Windows NT 10.0; Win64; x64) AppleWebKit/537.36 (KHTML, like Gecko) Chrome/147.0.0.0 Safari/537.36","69f6573e5b1040c235ece223","2026-05-02T19:57:50.201000","2026-05-02T19:57:50.201000","69ee32c21259f0511987060d","elimcoen@gmail.com","false"
"jsmduel6ylpmonrnbbg","direct","/","Mozilla/5.0 (Windows NT 10.0; Win64; x64) AppleWebKit/537.36 (KHTML, like Gecko) Chrome/147.0.0.0 Safari/537.36","69f6573cae23482e8f2537d8","2026-05-02T19:57:48.542000","2026-05-02T19:57:48.542000","69ee32c21259f0511987060d","elimcoen@gmail.com","false"
"jsmduel6ylpmonrnbbg","direct","/settings","Mozilla/5.0 (Windows NT 10.0; Win64; x64) AppleWebKit/537.36 (KHTML, like Gecko) Chrome/147.0.0.0 Safari/537.36","69f6573b84d36d9e32c27c78","2026-05-02T19:57:47.199000","2026-05-02T19:57:47.199000","69ee32c21259f0511987060d","elimcoen@gmail.com","false"
"jsmduel6ylpmonrnbbg","direct","/","Mozilla/5.0 (Windows NT 10.0; Win64; x64) AppleWebKit/537.36 (KHTML, like Gecko) Chrome/147.0.0.0 Safari/537.36","69f6573278357603f4734227","2026-05-02T19:57:38.347000","2026-05-02T19:57:38.347000","69ee32c21259f0511987060d","elimcoen@gmail.com","false"
"jsmduel6ylpmonrnbbg","direct","/settings","Mozilla/5.0 (Windows NT 10.0; Win64; x64) AppleWebKit/537.36 (KHTML, like Gecko) Chrome/147.0.0.0 Safari/537.36","69f65731630da7c5d7052015","2026-05-02T19:57:37.265000","2026-05-02T19:57:37.265000","69ee32c21259f0511987060d","elimcoen@gmail.com","false"
"jsmduel6ylpmonrnbbg","direct","/","Mozilla/5.0 (Windows NT 10.0; Win64; x64) AppleWebKit/537.36 (KHTML, like Gecko) Chrome/147.0.0.0 Safari/537.36","69f65726e17c7540a1420097","2026-05-02T19:57:26.257000","2026-05-02T19:57:26.257000","69ee32c21259f0511987060d","elimcoen@gmail.com","false"
"jsmduel6ylpmonrnbbg","direct","/games","Mozilla/5.0 (Windows NT 10.0; Win64; x64) AppleWebKit/537.36 (KHTML, like Gecko) Chrome/147.0.0.0 Safari/537.36","69f65725e716e372fe00d404","2026-05-02T19:57:25.060000","2026-05-02T19:57:25.060000","69ee32c21259f0511987060d","elimcoen@gmail.com","false"
"jsmduel6ylpmonrnbbg","direct","/movies","Mozilla/5.0 (Windows NT 10.0; Win64; x64) AppleWebKit/537.36 (KHTML, like Gecko) Chrome/147.0.0.0 Safari/537.36","69f65723abd969a8173c0506","2026-05-02T19:57:23.046000","2026-05-02T19:57:23.046000","69ee32c21259f0511987060d","elimcoen@gmail.com","false"
"jsmduel6ylpmonrnbbg","direct","/settings","Mozilla/5.0 (Windows NT 10.0; Win64; x64) AppleWebKit/537.36 (KHTML, like Gecko) Chrome/147.0.0.0 Safari/537.36","69f6568d27e0b48e9f7ce93f","2026-05-02T19:54:53.488000","2026-05-02T19:54:53.488000","69ee32c21259f0511987060d","elimcoen@gmail.com","false"
"jsmduel6ylpmonrnbbg","direct","/movies","Mozilla/5.0 (Windows NT 10.0; Win64; x64) AppleWebKit/537.36 (KHTML, like Gecko) Chrome/147.0.0.0 Safari/537.36","69f65688888d46fbf1d68562","2026-05-02T19:54:48.753000","2026-05-02T19:54:48.753000","69ee32c21259f0511987060d","elimcoen@gmail.com","false"
"jsmduel6ylpmonrnbbg","direct","/movies/69f651e9165b46e9832d633d","Mozilla/5.0 (Windows NT 10.0; Win64; x64) AppleWebKit/537.36 (KHTML, like Gecko) Chrome/147.0.0.0 Safari/537.36","69f6566ad6f13012be3aa276","2026-05-02T19:54:18.099000","2026-05-02T19:54:18.099000","69ee32c21259f0511987060d","elimcoen@gmail.com","false"
"jsmduel6ylpmonrnbbg","direct","/movies","Mozilla/5.0 (Windows NT 10.0; Win64; x64) AppleWebKit/537.36 (KHTML, like Gecko) Chrome/147.0.0.0 Safari/537.36","69f656679c3947403cd8694e","2026-05-02T19:54:15.554000","2026-05-02T19:54:15.554000","69ee32c21259f0511987060d","elimcoen@gmail.com","false"
"jsmduel6ylpmonrnbbg","direct","/movies/69f655f62198544f13ce152c","Mozilla/5.0 (Windows NT 10.0; Win64; x64) AppleWebKit/537.36 (KHTML, like Gecko) Chrome/147.0.0.0 Safari/537.36","69f6565c8bfd1f19412d99e6","2026-05-02T19:54:04.635000","2026-05-02T19:54:04.635000","69ee32c21259f0511987060d","elimcoen@gmail.com","false"
"jsmduel6ylpmonrnbbg","direct","/movies","Mozilla/5.0 (Windows NT 10.0; Win64; x64) AppleWebKit/537.36 (KHTML, like Gecko) Chrome/147.0.0.0 Safari/537.36","69f6565b8df2914b08a81819","2026-05-02T19:54:03.720000","2026-05-02T19:54:03.720000","69ee32c21259f0511987060d","elimcoen@gmail.com","false"
"jsmduel6ylpmonrnbbg","direct","/games","Mozilla/5.0 (Windows NT 10.0; Win64; x64) AppleWebKit/537.36 (KHTML, like Gecko) Chrome/147.0.0.0 Safari/537.36","69f6565820f582d7e4f018c2","2026-05-02T19:54:00.254000","2026-05-02T19:54:00.254000","69ee32c21259f0511987060d","elimcoen@gmail.com","false"
"jsmduel6ylpmonrnbbg","direct","/movies","Mozilla/5.0 (Windows NT 10.0; Win64; x64) AppleWebKit/537.36 (KHTML, like Gecko) Chrome/147.0.0.0 Safari/537.36","69f6564445787759615cb28c","2026-05-02T19:53:40.908000","2026-05-02T19:53:40.908000","69ee32c21259f0511987060d","elimcoen@gmail.com","false"
"jsmduel6ylpmonrnbbg","direct","/","Mozilla/5.0 (Windows NT 10.0; Win64; x64) AppleWebKit/537.36 (KHTML, like Gecko) Chrome/147.0.0.0 Safari/537.36","69f656424c207ed9daa3b383","2026-05-02T19:53:38.985000","2026-05-02T19:53:38.985000","69ee32c21259f0511987060d","elimcoen@gmail.com","false"
"jsmduel6ylpmonrnbbg","https://app.base44.com/","/movies","Mozilla/5.0 (Windows NT 10.0; Win64; x64) AppleWebKit/537.36 (KHTML, like Gecko) Chrome/147.0.0.0 Safari/537.36","69f65529ce93e7fd14a175b0","2026-05-02T19:48:57.714000","2026-05-02T19:48:57.714000","69ee32c21259f0511987060d","elimcoen@gmail.com","false"
"jsmduel6ylpmonrnbbg","https://app.base44.com/","/games","Mozilla/5.0 (Windows NT 10.0; Win64; x64) AppleWebKit/537.36 (KHTML, like Gecko) Chrome/147.0.0.0 Safari/537.36","69f655263edc4b50d5a78f9d","2026-05-02T19:48:54.091000","2026-05-02T19:48:54.091000","69ee32c21259f0511987060d","elimcoen@gmail.com","false"
"jsmduel6ylpmonrnbbg","https://app.base44.com/","/movies","Mozilla/5.0 (Windows NT 10.0; Win64; x64) AppleWebKit/537.36 (KHTML, like Gecko) Chrome/147.0.0.0 Safari/537.36","69f655174e2ea2cfddc7b7f7","2026-05-02T19:48:39.724000","2026-05-02T19:48:39.724000","69ee32c21259f0511987060d","elimcoen@gmail.com","false"
"jsmduel6ylpmonrnbbg","https://app.base44.com/","/games","Mozilla/5.0 (Windows NT 10.0; Win64; x64) AppleWebKit/537.36 (KHTML, like Gecko) Chrome/147.0.0.0 Safari/537.36","69f65516888d46fbf1d683a6","2026-05-02T19:48:38.408000","2026-05-02T19:48:38.408000","69ee32c21259f0511987060d","elimcoen@gmail.com","false"
"jsmduel6ylpmonrnbbg","https://app.base44.com/","/","Mozilla/5.0 (Windows NT 10.0; Win64; x64) AppleWebKit/537.36 (KHTML, like Gecko) Chrome/147.0.0.0 Safari/537.36","69f65514a40a762e87b8615d","2026-05-02T19:48:36.855000","2026-05-02T19:48:36.855000","69ee32c21259f0511987060d","elimcoen@gmail.com","false"
"3khnnta18qqmonqjw02","direct","/","Mozilla/5.0 (Windows NT 10.0; Win64; x64) AppleWebKit/537.36 (KHTML, like Gecko) Chrome/147.0.0.0 Safari/537.36","69f650b0a178cc24dc649eb3","2026-05-02T19:29:52.572000","2026-05-02T19:29:52.572000","69ee32c21259f0511987060d","elimcoen@gmail.com","false"
"jsmduel6ylpmonrnbbg","direct","/movies","Mozilla/5.0 (Windows NT 10.0; Win64; x64) AppleWebKit/537.36 (KHTML, like Gecko) Chrome/147.0.0.0 Safari/537.36","69f64ea391d7e68832510aab","2026-05-02T19:21:07.202000","2026-05-02T19:21:07.202000","69ee32c21259f0511987060d","elimcoen@gmail.com","false"
"jsmduel6ylpmonrnbbg","direct","/","Mozilla/5.0 (Windows NT 10.0; Win64; x64) AppleWebKit/537.36 (KHTML, like Gecko) Chrome/147.0.0.0 Safari/537.36","69f64ea295701c521a778147","2026-05-02T19:21:06.255000","2026-05-02T19:21:06.255000","69ee32c21259f0511987060d","elimcoen@gmail.com","false"
"3khnnta18qqmonqjw02","https://app.base44.com/","/","Mozilla/5.0 (Windows NT 10.0; Win64; x64) AppleWebKit/537.36 (KHTML, like Gecko) Chrome/147.0.0.0 Safari/537.36","69f64e8b11777c4f6c92f8c9","2026-05-02T19:20:43.801000","2026-05-02T19:20:43.801000","69ee32c21259f0511987060d","elimcoen@gmail.com","false"
"kk6nmbx7xhmonrdhd8","https://app.base44.com/","/movies","Mozilla/5.0 (Windows NT 10.0; Win64; x64) AppleWebKit/537.36 (KHTML, like Gecko) Chrome/147.0.0.0 Safari/537.36","69f64e74070804285155dcb2","2026-05-02T19:20:20.151000","2026-05-02T19:20:20.151000","69ee32c21259f0511987060d","elimcoen@gmail.com","false"
"kk6nmbx7xhmonrdhd8","https://app.base44.com/","/settings","Mozilla/5.0 (Windows NT 10.0; Win64; x64) AppleWebKit/537.36 (KHTML, like Gecko) Chrome/147.0.0.0 Safari/537.36","69f64e72dbd2be31c7b84171","2026-05-02T19:20:18.814000","2026-05-02T19:20:18.814000","69ee32c21259f0511987060d","elimcoen@gmail.com","false"
"kk6nmbx7xhmonrdhd8","https://app.base44.com/","/","Mozilla/5.0 (Windows NT 10.0; Win64; x64) AppleWebKit/537.36 (KHTML, like Gecko) Chrome/147.0.0.0 Safari/537.36","69f64e6e416e18baa07e6f85","2026-05-02T19:20:14.407000","2026-05-02T19:20:14.407000","69ee32c21259f0511987060d","elimcoen@gmail.com","false"
"ic893mq3xfmoofepm2","direct","/games","Mozilla/5.0 (iPhone; CPU iPhone OS 26_5_0 like Mac OS X) AppleWebKit/605.1.15 (KHTML, like Gecko) CriOS/147.0.7727.99 Mo","69f607aa5cad43a41f436c5d","2026-05-02T14:18:18.413000","2026-05-02T14:18:18.413000","anonymous","anonymous","false"
"ic893mq3xfmoofepm2","direct","/movies/69f60686b0eaf36eea0cb4a9","Mozilla/5.0 (iPhone; CPU iPhone OS 26_5_0 like Mac OS X) AppleWebKit/605.1.15 (KHTML, like Gecko) CriOS/147.0.7727.99 Mo","69f6078ea764478545d38247","2026-05-02T14:17:50.472000","2026-05-02T14:17:50.472000","anonymous","anonymous","false"
"ic893mq3xfmoofepm2","direct","/movies","Mozilla/5.0 (iPhone; CPU iPhone OS 26_5_0 like Mac OS X) AppleWebKit/605.1.15 (KHTML, like Gecko) CriOS/147.0.7727.99 Mo","69f60785b345016a23a571fc","2026-05-02T14:17:41.845000","2026-05-02T14:17:41.845000","anonymous","anonymous","false"
"ic893mq3xfmoofepm2","direct","/","Mozilla/5.0 (iPhone; CPU iPhone OS 26_5_0 like Mac OS X) AppleWebKit/605.1.15 (KHTML, like Gecko) CriOS/147.0.7727.99 Mo","69f6077f6e2484d0b65a1ccc","2026-05-02T14:17:35.252000","2026-05-02T14:17:35.252000","anonymous","anonymous","false"
"kk6nmbx7xhmonrdhd8","https://app.base44.com/","/movies","Mozilla/5.0 (Windows NT 10.0; Win64; x64) AppleWebKit/537.36 (KHTML, like Gecko) Chrome/147.0.0.0 Safari/537.36","69f606dc70589216553879dd","2026-05-02T14:14:52.376000","2026-05-02T14:14:52.376000","69ee32c21259f0511987060d","elimcoen@gmail.com","false"
"kk6nmbx7xhmonrdhd8","https://app.base44.com/","/movies/69f6039c7a702b2e454d959c","Mozilla/5.0 (Windows NT 10.0; Win64; x64) AppleWebKit/537.36 (KHTML, like Gecko) Chrome/147.0.0.0 Safari/537.36","69f606db4c45e41dde17b8d3","2026-05-02T14:14:51.144000","2026-05-02T14:14:51.144000","69ee32c21259f0511987060d","elimcoen@gmail.com","false"
"kk6nmbx7xhmonrdhd8","https://app.base44.com/","/movies","Mozilla/5.0 (Windows NT 10.0; Win64; x64) AppleWebKit/537.36 (KHTML, like Gecko) Chrome/147.0.0.0 Safari/537.36","69f606d9e2bb33de8e98130c","2026-05-02T14:14:49.723000","2026-05-02T14:14:49.723000","69ee32c21259f0511987060d","elimcoen@gmail.com","false"
"kk6nmbx7xhmonrdhd8","https://app.base44.com/","/movies/69f60576428cfe923a840bb8","Mozilla/5.0 (Windows NT 10.0; Win64; x64) AppleWebKit/537.36 (KHTML, like Gecko) Chrome/147.0.0.0 Safari/537.36","69f606d88b86f73504e2b3c5","2026-05-02T14:14:48.442000","2026-05-02T14:14:48.442000","69ee32c21259f0511987060d","elimcoen@gmail.com","false"
"kk6nmbx7xhmonrdhd8","https://app.base44.com/","/movies","Mozilla/5.0 (Windows NT 10.0; Win64; x64) AppleWebKit/537.36 (KHTML, like Gecko) Chrome/147.0.0.0 Safari/537.36","69f606d6993f3cfc902f7895","2026-05-02T14:14:46.090000","2026-05-02T14:14:46.090000","69ee32c21259f0511987060d","elimcoen@gmail.com","false"
"kk6nmbx7xhmonrdhd8","https://app.base44.com/","/movies/69f60686b0eaf36eea0cb4a9","Mozilla/5.0 (Windows NT 10.0; Win64; x64) AppleWebKit/537.36 (KHTML, like Gecko) Chrome/147.0.0.0 Safari/537.36","69f606d4bb48667d4623d628","2026-05-02T14:14:44.692000","2026-05-02T14:14:44.692000","69ee32c21259f0511987060d","elimcoen@gmail.com","false"
"kk6nmbx7xhmonrdhd8","https://app.base44.com/","/movies","Mozilla/5.0 (Windows NT 10.0; Win64; x64) AppleWebKit/537.36 (KHTML, like Gecko) Chrome/147.0.0.0 Safari/537.36","69f606d3efc0d8eb09d0abac","2026-05-02T14:14:43.785000","2026-05-02T14:14:43.785000","69ee32c21259f0511987060d","elimcoen@gmail.com","false"
"kk6nmbx7xhmonrdhd8","https://app.base44.com/","/movies/69f6062e21eaa52a6cf78e40","Mozilla/5.0 (Windows NT 10.0; Win64; x64) AppleWebKit/537.36 (KHTML, like Gecko) Chrome/147.0.0.0 Safari/537.36","69f606d12a7d61ee15a361f3","2026-05-02T14:14:41.760000","2026-05-02T14:14:41.760000","69ee32c21259f0511987060d","elimcoen@gmail.com","false"
"kk6nmbx7xhmonrdhd8","https://app.base44.com/","/movies","Mozilla/5.0 (Windows NT 10.0; Win64; x64) AppleWebKit/537.36 (KHTML, like Gecko) Chrome/147.0.0.0 Safari/537.36","69f606d002bd5e94e5630e0f","2026-05-02T14:14:40.737000","2026-05-02T14:14:40.737000","69ee32c21259f0511987060d","elimcoen@gmail.com","false"
"kk6nmbx7xhmonrdhd8","https://app.base44.com/","/movies/69f6060d533b868e3d9af38d","Mozilla/5.0 (Windows NT 10.0; Win64; x64) AppleWebKit/537.36 (KHTML, like Gecko) Chrome/147.0.0.0 Safari/537.36","69f606ce70dc42da665d1e21","2026-05-02T14:14:38.049000","2026-05-02T14:14:38.049000","69ee32c21259f0511987060d","elimcoen@gmail.com","false"
"kk6nmbx7xhmonrdhd8","https://app.base44.com/","/movies","Mozilla/5.0 (Windows NT 10.0; Win64; x64) AppleWebKit/537.36 (KHTML, like Gecko) Chrome/147.0.0.0 Safari/537.36","69f606ccbf748efd76f8f24a","2026-05-02T14:14:36.903000","2026-05-02T14:14:36.903000","69ee32c21259f0511987060d","elimcoen@gmail.com","false"
"kk6nmbx7xhmonrdhd8","https://app.base44.com/","/movies/69f605de0b6de7490ea97618","Mozilla/5.0 (Windows NT 10.0; Win64; x64) AppleWebKit/537.36 (KHTML, like Gecko) Chrome/147.0.0.0 Safari/537.36","69f606cbdd3de5a4745ea208","2026-05-02T14:14:35.273000","2026-05-02T14:14:35.273000","69ee32c21259f0511987060d","elimcoen@gmail.com","false"
"kk6nmbx7xhmonrdhd8","https://app.base44.com/","/movies","Mozilla/5.0 (Windows NT 10.0; Win64; x64) AppleWebKit/537.36 (KHTML, like Gecko) Chrome/147.0.0.0 Safari/537.36","69f606caf14c4ea4ab299a7c","2026-05-02T14:14:34.594000","2026-05-02T14:14:34.594000","69ee32c21259f0511987060d","elimcoen@gmail.com","false"
"kk6nmbx7xhmonrdhd8","https://app.base44.com/","/movies/69f605a982b50fe953e000dd","Mozilla/5.0 (Windows NT 10.0; Win64; x64) AppleWebKit/537.36 (KHTML, like Gecko) Chrome/147.0.0.0 Safari/537.36","69f606c8cb3ff5d370df1918","2026-05-02T14:14:32.748000","2026-05-02T14:14:32.748000","69ee32c21259f0511987060d","elimcoen@gmail.com","false"
"kk6nmbx7xhmonrdhd8","https://app.base44.com/","/movies","Mozilla/5.0 (Windows NT 10.0; Win64; x64) AppleWebKit/537.36 (KHTML, like Gecko) Chrome/147.0.0.0 Safari/537.36","69f606c7c8d39946542cb97c","2026-05-02T14:14:31.626000","2026-05-02T14:14:31.626000","69ee32c21259f0511987060d","elimcoen@gmail.com","false"
"kk6nmbx7xhmonrdhd8","https://app.base44.com/","/movies/69f603573ade6cc458a0a7ef","Mozilla/5.0 (Windows NT 10.0; Win64; x64) AppleWebKit/537.36 (KHTML, like Gecko) Chrome/147.0.0.0 Safari/537.36","69f606c58d58544ca311dcd8","2026-05-02T14:14:29.720000","2026-05-02T14:14:29.720000","69ee32c21259f0511987060d","elimcoen@gmail.com","false"
"kk6nmbx7xhmonrdhd8","https://app.base44.com/","/movies","Mozilla/5.0 (Windows NT 10.0; Win64; x64) AppleWebKit/537.36 (KHTML, like Gecko) Chrome/147.0.0.0 Safari/537.36","69f606c3dae71ee6e719bb8e","2026-05-02T14:14:27.623000","2026-05-02T14:14:27.623000","69ee32c21259f0511987060d","elimcoen@gmail.com","false"
"kk6nmbx7xhmonrdhd8","https://app.base44.com/","/movies/69f6031b1a04c22988f941a1","Mozilla/5.0 (Windows NT 10.0; Win64; x64) AppleWebKit/537.36 (KHTML, like Gecko) Chrome/147.0.0.0 Safari/537.36","69f606c153f78b8834b7ff07","2026-05-02T14:14:25.219000","2026-05-02T14:14:25.219000","69ee32c21259f0511987060d","elimcoen@gmail.com","false"
"kk6nmbx7xhmonrdhd8","https://app.base44.com/","/movies","Mozilla/5.0 (Windows NT 10.0; Win64; x64) AppleWebKit/537.36 (KHTML, like Gecko) Chrome/147.0.0.0 Safari/537.36","69f606bc13cab3a073d441ef","2026-05-02T14:14:20.095000","2026-05-02T14:14:20.095000","69ee32c21259f0511987060d","elimcoen@gmail.com","false"
"kk6nmbx7xhmonrdhd8","https://app.base44.com/","/movies/69f60476fcdfa1b0bee069ff","Mozilla/5.0 (Windows NT 10.0; Win64; x64) AppleWebKit/537.36 (KHTML, like Gecko) Chrome/147.0.0.0 Safari/537.36","69f606b9a124d87c46f558e1","2026-05-02T14:14:17.903000","2026-05-02T14:14:17.903000","69ee32c21259f0511987060d","elimcoen@gmail.com","false"
"kk6nmbx7xhmonrdhd8","https://app.base44.com/","/movies","Mozilla/5.0 (Windows NT 10.0; Win64; x64) AppleWebKit/537.36 (KHTML, like Gecko) Chrome/147.0.0.0 Safari/537.36","69f606b19cceea4ca855917d","2026-05-02T14:14:09.744000","2026-05-02T14:14:09.744000","69ee32c21259f0511987060d","elimcoen@gmail.com","false"
"kk6nmbx7xhmonrdhd8","https://app.base44.com/","/games","Mozilla/5.0 (Windows NT 10.0; Win64; x64) AppleWebKit/537.36 (KHTML, like Gecko) Chrome/147.0.0.0 Safari/537.36","69f606b1153f9ba6d52e0e58","2026-05-02T14:14:09.059000","2026-05-02T14:14:09.059000","69ee32c21259f0511987060d","elimcoen@gmail.com","false"
"kk6nmbx7xhmonrdhd8","https://app.base44.com/","/","Mozilla/5.0 (Windows NT 10.0; Win64; x64) AppleWebKit/537.36 (KHTML, like Gecko) Chrome/147.0.0.0 Safari/537.36","69f606947d74d968326926c3","2026-05-02T14:13:40.786000","2026-05-02T14:13:40.786000","69ee32c21259f0511987060d","elimcoen@gmail.com","false"
"kk6nmbx7xhmonrdhd8","https://app.base44.com/","/games","Mozilla/5.0 (Windows NT 10.0; Win64; x64) AppleWebKit/537.36 (KHTML, like Gecko) Chrome/147.0.0.0 Safari/537.36","69f6068d1f51ad4cf360d9a7","2026-05-02T14:13:33.179000","2026-05-02T14:13:33.179000","69ee32c21259f0511987060d","elimcoen@gmail.com","false"
"kk6nmbx7xhmonrdhd8","https://app.base44.com/","/movies","Mozilla/5.0 (Windows NT 10.0; Win64; x64) AppleWebKit/537.36 (KHTML, like Gecko) Chrome/147.0.0.0 Safari/537.36","69f6068a9964452a5f3dd69c","2026-05-02T14:13:30.840000","2026-05-02T14:13:30.840000","69ee32c21259f0511987060d","elimcoen@gmail.com","false"
"kk6nmbx7xhmonrdhd8","https://app.base44.com/","/games","Mozilla/5.0 (Windows NT 10.0; Win64; x64) AppleWebKit/537.36 (KHTML, like Gecko) Chrome/147.0.0.0 Safari/537.36","69f6051ba764478545d38163","2026-05-02T14:07:23.448000","2026-05-02T14:07:23.448000","69ee32c21259f0511987060d","elimcoen@gmail.com","false"
"kk6nmbx7xhmonrdhd8","https://app.base44.com/","/games/69f51c34de6781c64042c574","Mozilla/5.0 (Windows NT 10.0; Win64; x64) AppleWebKit/537.36 (KHTML, like Gecko) Chrome/147.0.0.0 Safari/537.36","69f60515d575cfb96e9708f6","2026-05-02T14:07:17.025000","2026-05-02T14:07:17.025000","69ee32c21259f0511987060d","elimcoen@gmail.com","false"
"kk6nmbx7xhmonrdhd8","https://app.base44.com/","/games","Mozilla/5.0 (Windows NT 10.0; Win64; x64) AppleWebKit/537.36 (KHTML, like Gecko) Chrome/147.0.0.0 Safari/537.36","69f60512a58b532cde2eb72d","2026-05-02T14:07:14.856000","2026-05-02T14:07:14.856000","69ee32c21259f0511987060d","elimcoen@gmail.com","false"
"kk6nmbx7xhmonrdhd8","https://app.base44.com/","/movies/69f6050185e3456912d4ac92","Mozilla/5.0 (Windows NT 10.0; Win64; x64) AppleWebKit/537.36 (KHTML, like Gecko) Chrome/147.0.0.0 Safari/537.36","69f6050c2e2ce39740779d29","2026-05-02T14:07:08.908000","2026-05-02T14:07:08.908000","69ee32c21259f0511987060d","elimcoen@gmail.com","false"
"kk6nmbx7xhmonrdhd8","https://app.base44.com/","/movies","Mozilla/5.0 (Windows NT 10.0; Win64; x64) AppleWebKit/537.36 (KHTML, like Gecko) Chrome/147.0.0.0 Safari/537.36","69f6050c4b21070e1ca0e389","2026-05-02T14:07:08.212000","2026-05-02T14:07:08.212000","69ee32c21259f0511987060d","elimcoen@gmail.com","false"
"kk6nmbx7xhmonrdhd8","https://app.base44.com/","/movies/69f60476fcdfa1b0bee069ff","Mozilla/5.0 (Windows NT 10.0; Win64; x64) AppleWebKit/537.36 (KHTML, like Gecko) Chrome/147.0.0.0 Safari/537.36","69f6050a35b0dd0c1c360068","2026-05-02T14:07:06.103000","2026-05-02T14:07:06.103000","69ee32c21259f0511987060d","elimcoen@gmail.com","false"
"kk6nmbx7xhmonrdhd8","https://app.base44.com/","/movies","Mozilla/5.0 (Windows NT 10.0; Win64; x64) AppleWebKit/537.36 (KHTML, like Gecko) Chrome/147.0.0.0 Safari/537.36","69f60507f4faf5d4d2a9e0bc","2026-05-02T14:07:03.463000","2026-05-02T14:07:03.463000","69ee32c21259f0511987060d","elimcoen@gmail.com","false"
"kk6nmbx7xhmonrdhd8","https://app.base44.com/","/","Mozilla/5.0 (Windows NT 10.0; Win64; x64) AppleWebKit/537.36 (KHTML, like Gecko) Chrome/147.0.0.0 Safari/537.36","69f603e7f77435e4a1f2a9b4","2026-05-02T14:02:15.679000","2026-05-02T14:02:15.679000","69ee32c21259f0511987060d","elimcoen@gmail.com","false"
"kk6nmbx7xhmonrdhd8","https://app.base44.com/","/movies","Mozilla/5.0 (Windows NT 10.0; Win64; x64) AppleWebKit/537.36 (KHTML, like Gecko) Chrome/147.0.0.0 Safari/537.36","69f603d9908425c59d097845","2026-05-02T14:02:01.554000","2026-05-02T14:02:01.554000","69ee32c21259f0511987060d","elimcoen@gmail.com","false"
"kk6nmbx7xhmonrdhd8","https://app.base44.com/","/movies/69f6039c7a702b2e454d959c","Mozilla/5.0 (Windows NT 10.0; Win64; x64) AppleWebKit/537.36 (KHTML, like Gecko) Chrome/147.0.0.0 Safari/537.36","69f603d6da9e9057ee9e78cf","2026-05-02T14:01:58.832000","2026-05-02T14:01:58.832000","69ee32c21259f0511987060d","elimcoen@gmail.com","false"
"kk6nmbx7xhmonrdhd8","https://app.base44.com/","/movies","Mozilla/5.0 (Windows NT 10.0; Win64; x64) AppleWebKit/537.36 (KHTML, like Gecko) Chrome/147.0.0.0 Safari/537.36","69f603d5dce6f70c7e801c87","2026-05-02T14:01:57.828000","2026-05-02T14:01:57.828000","69ee32c21259f0511987060d","elimcoen@gmail.com","false"
"kk6nmbx7xhmonrdhd8","https://app.base44.com/","/movies/69f603c67a52988a6dbd3813","Mozilla/5.0 (Windows NT 10.0; Win64; x64) AppleWebKit/537.36 (KHTML, like Gecko) Chrome/147.0.0.0 Safari/537.36","69f603cb847b151a2e90b7f6","2026-05-02T14:01:47.674000","2026-05-02T14:01:47.674000","69ee32c21259f0511987060d","elimcoen@gmail.com","false"
"kk6nmbx7xhmonrdhd8","https://app.base44.com/","/movies","Mozilla/5.0 (Windows NT 10.0; Win64; x64) AppleWebKit/537.36 (KHTML, like Gecko) Chrome/147.0.0.0 Safari/537.36","69f603ca6cf332976843b870","2026-05-02T14:01:46.052000","2026-05-02T14:01:46.052000","69ee32c21259f0511987060d","elimcoen@gmail.com","false"
"jsmduel6ylpmonrnbbg","direct","/","Mozilla/5.0 (Windows NT 10.0; Win64; x64) AppleWebKit/537.36 (KHTML, like Gecko) Chrome/147.0.0.0 Safari/537.36","69f60320973de872a24aeeff","2026-05-02T13:58:56.494000","2026-05-02T13:58:56.494000","69ee32c21259f0511987060d","elimcoen@gmail.com","false"
"3khnnta18qqmonqjw02","https://app.base44.com/","/","Mozilla/5.0 (Windows NT 10.0; Win64; x64) AppleWebKit/537.36 (KHTML, like Gecko) Chrome/147.0.0.0 Safari/537.36","69f603041554e8513ebe3849","2026-05-02T13:58:28.404000","2026-05-02T13:58:28.404000","69ee32c21259f0511987060d","elimcoen@gmail.com","false"
"kk6nmbx7xhmonrdhd8","https://app.base44.com/","/","Mozilla/5.0 (Windows NT 10.0; Win64; x64) AppleWebKit/537.36 (KHTML, like Gecko) Chrome/147.0.0.0 Safari/537.36","69f602f1276429e9f2a8ac94","2026-05-02T13:58:09.402000","2026-05-02T13:58:09.402000","69ee32c21259f0511987060d","elimcoen@gmail.com","false"
"jsmduel6ylpmonrnbbg","direct","/movies","Mozilla/5.0 (Windows NT 10.0; Win64; x64) AppleWebKit/537.36 (KHTML, like Gecko) Chrome/147.0.0.0 Safari/537.36","69f602d914c8b907363ffa4a","2026-05-02T13:57:45.648000","2026-05-02T13:57:45.648000","69ee32c21259f0511987060d","elimcoen@gmail.com","false"
"jsmduel6ylpmonrnbbg","direct","/games","Mozilla/5.0 (Windows NT 10.0; Win64; x64) AppleWebKit/537.36 (KHTML, like Gecko) Chrome/147.0.0.0 Safari/537.36","69f602d9bc9ae261f27f298b","2026-05-02T13:57:45.058000","2026-05-02T13:57:45.058000","69ee32c21259f0511987060d","elimcoen@gmail.com","false"
"jsmduel6ylpmonrnbbg","direct","/","Mozilla/5.0 (Windows NT 10.0; Win64; x64) AppleWebKit/537.36 (KHTML, like Gecko) Chrome/147.0.0.0 Safari/537.36","69f602d641d2b5b018bb004c","2026-05-02T13:57:42.905000","2026-05-02T13:57:42.905000","69ee32c21259f0511987060d","elimcoen@gmail.com","false"
"jsmduel6ylpmonrnbbg","https://app.base44.com/","/movies","Mozilla/5.0 (Windows NT 10.0; Win64; x64) AppleWebKit/537.36 (KHTML, like Gecko) Chrome/147.0.0.0 Safari/537.36","69f56d5eafb14babcf22500a","2026-05-02T03:19:58.408000","2026-05-02T03:19:58.408000","69ee32c21259f0511987060d","elimcoen@gmail.com","false"
"jsmduel6ylpmonrnbbg","https://app.base44.com/","/games","Mozilla/5.0 (Windows NT 10.0; Win64; x64) AppleWebKit/537.36 (KHTML, like Gecko) Chrome/147.0.0.0 Safari/537.36","69f56d5b3a3346065053ef6a","2026-05-02T03:19:55.360000","2026-05-02T03:19:55.360000","69ee32c21259f0511987060d","elimcoen@gmail.com","false"
"jsmduel6ylpmonrnbbg","https://app.base44.com/","/games/69f50c5544b210990e94f0e7","Mozilla/5.0 (Windows NT 10.0; Win64; x64) AppleWebKit/537.36 (KHTML, like Gecko) Chrome/147.0.0.0 Safari/537.36","69f56d5a04f238c5e051e0ae","2026-05-02T03:19:54.293000","2026-05-02T03:19:54.293000","69ee32c21259f0511987060d","elimcoen@gmail.com","false"
"jsmduel6ylpmonrnbbg","https://app.base44.com/","/games","Mozilla/5.0 (Windows NT 10.0; Win64; x64) AppleWebKit/537.36 (KHTML, like Gecko) Chrome/147.0.0.0 Safari/537.36","69f56d585ec39f55f4025369","2026-05-02T03:19:52.566000","2026-05-02T03:19:52.566000","69ee32c21259f0511987060d","elimcoen@gmail.com","false"
"jsmduel6ylpmonrnbbg","https://app.base44.com/","/movies","Mozilla/5.0 (Windows NT 10.0; Win64; x64) AppleWebKit/537.36 (KHTML, like Gecko) Chrome/147.0.0.0 Safari/537.36","69f56d487124b2e5fbc7bd1f","2026-05-02T03:19:36.860000","2026-05-02T03:19:36.860000","69ee32c21259f0511987060d","elimcoen@gmail.com","false"
"jsmduel6ylpmonrnbbg","https://app.base44.com/","/movies/69f56c253dc68bc243c5bad9","Mozilla/5.0 (Windows NT 10.0; Win64; x64) AppleWebKit/537.36 (KHTML, like Gecko) Chrome/147.0.0.0 Safari/537.36","69f56d472d1b12203103ee84","2026-05-02T03:19:35.427000","2026-05-02T03:19:35.427000","69ee32c21259f0511987060d","elimcoen@gmail.com","false"
"jsmduel6ylpmonrnbbg","https://app.base44.com/","/movies","Mozilla/5.0 (Windows NT 10.0; Win64; x64) AppleWebKit/537.36 (KHTML, like Gecko) Chrome/147.0.0.0 Safari/537.36","69f56d46513263e0285d0142","2026-05-02T03:19:34.350000","2026-05-02T03:19:34.350000","69ee32c21259f0511987060d","elimcoen@gmail.com","false"
"jsmduel6ylpmonrnbbg","https://app.base44.com/","/movies/69f56be49869570ab65d8712","Mozilla/5.0 (Windows NT 10.0; Win64; x64) AppleWebKit/537.36 (KHTML, like Gecko) Chrome/147.0.0.0 Safari/537.36","69f56d433c612d06390db60b","2026-05-02T03:19:31.647000","2026-05-02T03:19:31.647000","69ee32c21259f0511987060d","elimcoen@gmail.com","false"
"jsmduel6ylpmonrnbbg","https://app.base44.com/","/movies","Mozilla/5.0 (Windows NT 10.0; Win64; x64) AppleWebKit/537.36 (KHTML, like Gecko) Chrome/147.0.0.0 Safari/537.36","69f56d42982af1efd483e142","2026-05-02T03:19:30.764000","2026-05-02T03:19:30.764000","69ee32c21259f0511987060d","elimcoen@gmail.com","false"
"jsmduel6ylpmonrnbbg","https://app.base44.com/","/movies/69f56c561494606b74ff08d3","Mozilla/5.0 (Windows NT 10.0; Win64; x64) AppleWebKit/537.36 (KHTML, like Gecko) Chrome/147.0.0.0 Safari/537.36","69f56d41c940d838687a4c36","2026-05-02T03:19:29.169000","2026-05-02T03:19:29.169000","69ee32c21259f0511987060d","elimcoen@gmail.com","false"
"jsmduel6ylpmonrnbbg","https://app.base44.com/","/movies","Mozilla/5.0 (Windows NT 10.0; Win64; x64) AppleWebKit/537.36 (KHTML, like Gecko) Chrome/147.0.0.0 Safari/537.36","69f56d3fe1a4969a0f21870f","2026-05-02T03:19:27.849000","2026-05-02T03:19:27.849000","69ee32c21259f0511987060d","elimcoen@gmail.com","false"
"jsmduel6ylpmonrnbbg","https://app.base44.com/","/movies/69f56c960826f8b86eaf8e11","Mozilla/5.0 (Windows NT 10.0; Win64; x64) AppleWebKit/537.36 (KHTML, like Gecko) Chrome/147.0.0.0 Safari/537.36","69f56d3c04f238c5e051e099","2026-05-02T03:19:24.331000","2026-05-02T03:19:24.331000","69ee32c21259f0511987060d","elimcoen@gmail.com","false"
"jsmduel6ylpmonrnbbg","https://app.base44.com/","/movies","Mozilla/5.0 (Windows NT 10.0; Win64; x64) AppleWebKit/537.36 (KHTML, like Gecko) Chrome/147.0.0.0 Safari/537.36","69f56d3be96c16d998411a51","2026-05-02T03:19:23.087000","2026-05-02T03:19:23.087000","69ee32c21259f0511987060d","elimcoen@gmail.com","false"
"jsmduel6ylpmonrnbbg","https://app.base44.com/","/movies/69f56d1bff1c09ac4c9b570f","Mozilla/5.0 (Windows NT 10.0; Win64; x64) AppleWebKit/537.36 (KHTML, like Gecko) Chrome/147.0.0.0 Safari/537.36","69f56d38f91f2bd7accc4a08","2026-05-02T03:19:20.476000","2026-05-02T03:19:20.476000","69ee32c21259f0511987060d","elimcoen@gmail.com","false"
"jsmduel6ylpmonrnbbg","https://app.base44.com/","/movies","Mozilla/5.0 (Windows NT 10.0; Win64; x64) AppleWebKit/537.36 (KHTML, like Gecko) Chrome/147.0.0.0 Safari/537.36","69f56d34f0f8bdf785086446","2026-05-02T03:19:16.587000","2026-05-02T03:19:16.587000","69ee32c21259f0511987060d","elimcoen@gmail.com","false"
"jsmduel6ylpmonrnbbg","https://app.base44.com/","/","Mozilla/5.0 (Windows NT 10.0; Win64; x64) AppleWebKit/537.36 (KHTML, like Gecko) Chrome/147.0.0.0 Safari/537.36","69f56d30a3a713911f54a487","2026-05-02T03:19:12.047000","2026-05-02T03:19:12.047000","69ee32c21259f0511987060d","elimcoen@gmail.com","false"
"jsmduel6ylpmonrnbbg","direct","/","Mozilla/5.0 (Windows NT 10.0; Win64; x64) AppleWebKit/537.36 (KHTML, like Gecko) Chrome/147.0.0.0 Safari/537.36","69f56cbedabde6643b25ac9b","2026-05-02T03:17:18.802000","2026-05-02T03:17:18.802000","69ee32c21259f0511987060d","elimcoen@gmail.com","false"
"jsmduel6ylpmonrnbbg","direct","/movies","Mozilla/5.0 (Windows NT 10.0; Win64; x64) AppleWebKit/537.36 (KHTML, like Gecko) Chrome/147.0.0.0 Safari/537.36","69f56b83da2fbcaa93aabfa1","2026-05-02T03:12:03.191000","2026-05-02T03:12:03.191000","69ee32c21259f0511987060d","elimcoen@gmail.com","false"
"jsmduel6ylpmonrnbbg","direct","/movies/69f569a25ec39f55f402451a","Mozilla/5.0 (Windows NT 10.0; Win64; x64) AppleWebKit/537.36 (KHTML, like Gecko) Chrome/147.0.0.0 Safari/537.36","69f56b7bd989be38d3ba77c3","2026-05-02T03:11:55.133000","2026-05-02T03:11:55.133000","69ee32c21259f0511987060d","elimcoen@gmail.com","false"
"jsmduel6ylpmonrnbbg","direct","/movies","Mozilla/5.0 (Windows NT 10.0; Win64; x64) AppleWebKit/537.36 (KHTML, like Gecko) Chrome/147.0.0.0 Safari/537.36","69f56b7778e7f50b7f1f97a7","2026-05-02T03:11:51.199000","2026-05-02T03:11:51.199000","69ee32c21259f0511987060d","elimcoen@gmail.com","false"
"jsmduel6ylpmonrnbbg","direct","/games","Mozilla/5.0 (Windows NT 10.0; Win64; x64) AppleWebKit/537.36 (KHTML, like Gecko) Chrome/147.0.0.0 Safari/537.36","69f56b76ed124db318d5de30","2026-05-02T03:11:50.666000","2026-05-02T03:11:50.666000","69ee32c21259f0511987060d","elimcoen@gmail.com","false"
"jsmduel6ylpmonrnbbg","direct","/settings","Mozilla/5.0 (Windows NT 10.0; Win64; x64) AppleWebKit/537.36 (KHTML, like Gecko) Chrome/147.0.0.0 Safari/537.36","69f56b73513263e0285d000a","2026-05-02T03:11:47.859000","2026-05-02T03:11:47.859000","69ee32c21259f0511987060d","elimcoen@gmail.com","false"
"jsmduel6ylpmonrnbbg","direct","/","Mozilla/5.0 (Windows NT 10.0; Win64; x64) AppleWebKit/537.36 (KHTML, like Gecko) Chrome/147.0.0.0 Safari/537.36","69f56b72ac60b01047091c7e","2026-05-02T03:11:46.376000","2026-05-02T03:11:46.376000","69ee32c21259f0511987060d","elimcoen@gmail.com","false"
"3khnnta18qqmonqjw02","https://app.base44.com/","/","Mozilla/5.0 (Windows NT 10.0; Win64; x64) AppleWebKit/537.36 (KHTML, like Gecko) Chrome/147.0.0.0 Safari/537.36","69f56b34cea2c386042d66d1","2026-05-02T03:10:44.904000","2026-05-02T03:10:44.904000","69ee32c21259f0511987060d","elimcoen@gmail.com","false"
"3khnnta18qqmonqjw02","https://app.base44.com/","/games/69f50c5544b210990e94f0e7","Mozilla/5.0 (Windows NT 10.0; Win64; x64) AppleWebKit/537.36 (KHTML, like Gecko) Chrome/147.0.0.0 Safari/537.36","69f56b31888d7732c247f15f","2026-05-02T03:10:41.320000","2026-05-02T03:10:41.320000","69ee32c21259f0511987060d","elimcoen@gmail.com","false"
"3khnnta18qqmonqjw02","https://app.base44.com/","/games","Mozilla/5.0 (Windows NT 10.0; Win64; x64) AppleWebKit/537.36 (KHTML, like Gecko) Chrome/147.0.0.0 Safari/537.36","69f56b301efb99424b7e0076","2026-05-02T03:10:40.427000","2026-05-02T03:10:40.427000","69ee32c21259f0511987060d","elimcoen@gmail.com","false"
"3khnnta18qqmonqjw02","https://app.base44.com/","/movies/69f569a25ec39f55f402451a","Mozilla/5.0 (Windows NT 10.0; Win64; x64) AppleWebKit/537.36 (KHTML, like Gecko) Chrome/147.0.0.0 Safari/537.36","69f56b1b34c7432b309e49c5","2026-05-02T03:10:19.256000","2026-05-02T03:10:19.256000","69ee32c21259f0511987060d","elimcoen@gmail.com","false"
"3khnnta18qqmonqjw02","https://app.base44.com/","/movies","Mozilla/5.0 (Windows NT 10.0; Win64; x64) AppleWebKit/537.36 (KHTML, like Gecko) Chrome/147.0.0.0 Safari/537.36","69f56b1849b040589b75f13c","2026-05-02T03:10:16.707000","2026-05-02T03:10:16.707000","69ee32c21259f0511987060d","elimcoen@gmail.com","false"
"3khnnta18qqmonqjw02","https://app.base44.com/","/games","Mozilla/5.0 (Windows NT 10.0; Win64; x64) AppleWebKit/537.36 (KHTML, like Gecko) Chrome/147.0.0.0 Safari/537.36","69f56b16af2a406c952bf85d","2026-05-02T03:10:14.343000","2026-05-02T03:10:14.343000","69ee32c21259f0511987060d","elimcoen@gmail.com","false"
"3khnnta18qqmonqjw02","https://app.base44.com/","/","Mozilla/5.0 (Windows NT 10.0; Win64; x64) AppleWebKit/537.36 (KHTML, like Gecko) Chrome/147.0.0.0 Safari/537.36","69f56b12181de2a1ddae7747","2026-05-02T03:10:10.816000","2026-05-02T03:10:10.816000","69ee32c21259f0511987060d","elimcoen@gmail.com","false"
"3khnnta18qqmonqjw02","https://app.base44.com/","/","Mozilla/5.0 (Windows NT 10.0; Win64; x64) AppleWebKit/537.36 (KHTML, like Gecko) Chrome/147.0.0.0 Safari/537.36","69f56b0b52b836fd86866f8e","2026-05-02T03:10:03.351000","2026-05-02T03:10:03.351000","69ee32c21259f0511987060d","elimcoen@gmail.com","false"
"3khnnta18qqmonqjw02","https://app.base44.com/","/movies","Mozilla/5.0 (Windows NT 10.0; Win64; x64) AppleWebKit/537.36 (KHTML, like Gecko) Chrome/147.0.0.0 Safari/537.36","69f56a357e1fd2d30a984983","2026-05-02T03:06:29.777000","2026-05-02T03:06:29.777000","69ee32c21259f0511987060d","elimcoen@gmail.com","false"
"3khnnta18qqmonqjw02","https://app.base44.com/","/games","Mozilla/5.0 (Windows NT 10.0; Win64; x64) AppleWebKit/537.36 (KHTML, like Gecko) Chrome/147.0.0.0 Safari/537.36","69f56a10b382c88177ff8d1e","2026-05-02T03:05:52.408000","2026-05-02T03:05:52.408000","69ee32c21259f0511987060d","elimcoen@gmail.com","false"
"3khnnta18qqmonqjw02","https://app.base44.com/","/movies","Mozilla/5.0 (Windows NT 10.0; Win64; x64) AppleWebKit/537.36 (KHTML, like Gecko) Chrome/147.0.0.0 Safari/537.36","69f56a0a26453625b45ee83b","2026-05-02T03:05:46.175000","2026-05-02T03:05:46.175000","69ee32c21259f0511987060d","elimcoen@gmail.com","false"
"3khnnta18qqmonqjw02","https://app.base44.com/","/settings","Mozilla/5.0 (Windows NT 10.0; Win64; x64) AppleWebKit/537.36 (KHTML, like Gecko) Chrome/147.0.0.0 Safari/537.36","69f569efea32f853a49883c2","2026-05-02T03:05:19.856000","2026-05-02T03:05:19.856000","69ee32c21259f0511987060d","elimcoen@gmail.com","false"
"3khnnta18qqmonqjw02","https://app.base44.com/","/movies","Mozilla/5.0 (Windows NT 10.0; Win64; x64) AppleWebKit/537.36 (KHTML, like Gecko) Chrome/147.0.0.0 Safari/537.36","69f569ee7b8126f58f91b469","2026-05-02T03:05:18.739000","2026-05-02T03:05:18.739000","69ee32c21259f0511987060d","elimcoen@gmail.com","false"
"3khnnta18qqmonqjw02","https://app.base44.com/","/games","Mozilla/5.0 (Windows NT 10.0; Win64; x64) AppleWebKit/537.36 (KHTML, like Gecko) Chrome/147.0.0.0 Safari/537.36","69f569ed9961b70b133117f7","2026-05-02T03:05:17.531000","2026-05-02T03:05:17.531000","69ee32c21259f0511987060d","elimcoen@gmail.com","false"
"3khnnta18qqmonqjw02","https://app.base44.com/","/","Mozilla/5.0 (Windows NT 10.0; Win64; x64) AppleWebKit/537.36 (KHTML, like Gecko) Chrome/147.0.0.0 Safari/537.36","69f569d2f453f0e4fcbe0cf8","2026-05-02T03:04:50.474000","2026-05-02T03:04:50.474000","69ee32c21259f0511987060d","elimcoen@gmail.com","false"
"3khnnta18qqmonqjw02","https://app.base44.com/","/games/69f50c5544b210990e94f0e7","Mozilla/5.0 (Windows NT 10.0; Win64; x64) AppleWebKit/537.36 (KHTML, like Gecko) Chrome/147.0.0.0 Safari/537.36","69f569d0cccf1aed12eef5bb","2026-05-02T03:04:48.364000","2026-05-02T03:04:48.364000","69ee32c21259f0511987060d","elimcoen@gmail.com","false"
"3khnnta18qqmonqjw02","https://app.base44.com/","/games","Mozilla/5.0 (Windows NT 10.0; Win64; x64) AppleWebKit/537.36 (KHTML, like Gecko) Chrome/147.0.0.0 Safari/537.36","69f569cfcc48370115fc8557","2026-05-02T03:04:47.717000","2026-05-02T03:04:47.717000","69ee32c21259f0511987060d","elimcoen@gmail.com","false"
"3khnnta18qqmonqjw02","https://app.base44.com/","/","Mozilla/5.0 (Windows NT 10.0; Win64; x64) AppleWebKit/537.36 (KHTML, like Gecko) Chrome/147.0.0.0 Safari/537.36","69f569cffd7dabf554fc2e0b","2026-05-02T03:04:47.185000","2026-05-02T03:04:47.185000","69ee32c21259f0511987060d","elimcoen@gmail.com","false"
"3khnnta18qqmonqjw02","https://app.base44.com/","/games","Mozilla/5.0 (Windows NT 10.0; Win64; x64) AppleWebKit/537.36 (KHTML, like Gecko) Chrome/147.0.0.0 Safari/537.36","69f569ce32027e124d008f34","2026-05-02T03:04:46.681000","2026-05-02T03:04:46.681000","69ee32c21259f0511987060d","elimcoen@gmail.com","false"
"3khnnta18qqmonqjw02","https://app.base44.com/","/movies/69f569a25ec39f55f402451a","Mozilla/5.0 (Windows NT 10.0; Win64; x64) AppleWebKit/537.36 (KHTML, like Gecko) Chrome/147.0.0.0 Safari/537.36","69f569b50535a36c9da7cb7e","2026-05-02T03:04:21.113000","2026-05-02T03:04:21.113000","69ee32c21259f0511987060d","elimcoen@gmail.com","false"
"3khnnta18qqmonqjw02","https://app.base44.com/","/movies","Mozilla/5.0 (Windows NT 10.0; Win64; x64) AppleWebKit/537.36 (KHTML, like Gecko) Chrome/147.0.0.0 Safari/537.36","69f569b128fa5f26b1c9d1b1","2026-05-02T03:04:17.851000","2026-05-02T03:04:17.851000","69ee32c21259f0511987060d","elimcoen@gmail.com","false"
"3khnnta18qqmonqjw02","https://app.base44.com/","/","Mozilla/5.0 (Windows NT 10.0; Win64; x64) AppleWebKit/537.36 (KHTML, like Gecko) Chrome/147.0.0.0 Safari/537.36","69f569ad54441b1a1637d503","2026-05-02T03:04:13.022000","2026-05-02T03:04:13.022000","69ee32c21259f0511987060d","elimcoen@gmail.com","false"
"kk6nmbx7xhmonrdhd8","https://app.base44.com/","/","Mozilla/5.0 (Windows NT 10.0; Win64; x64) AppleWebKit/537.36 (KHTML, like Gecko) Chrome/147.0.0.0 Safari/537.36","69f569a73593567e135acc09","2026-05-02T03:04:07.685000","2026-05-02T03:04:07.685000","69ee32c21259f0511987060d","elimcoen@gmail.com","false"
"3khnnta18qqmonqjw02","https://app.base44.com/","/","Mozilla/5.0 (Windows NT 10.0; Win64; x64) AppleWebKit/537.36 (KHTML, like Gecko) Chrome/147.0.0.0 Safari/537.36","69f5696c78e7f50b7f1f935d","2026-05-02T03:03:08.432000","2026-05-02T03:03:08.432000","69ee32c21259f0511987060d","elimcoen@gmail.com","false"
"3khnnta18qqmonqjw02","https://app.base44.com/","/games","Mozilla/5.0 (Windows NT 10.0; Win64; x64) AppleWebKit/537.36 (KHTML, like Gecko) Chrome/147.0.0.0 Safari/537.36","69f5696751ff10bf33c61dea","2026-05-02T03:03:03.657000","2026-05-02T03:03:03.657000","69ee32c21259f0511987060d","elimcoen@gmail.com","false"
"3khnnta18qqmonqjw02","https://app.base44.com/","/movies","Mozilla/5.0 (Windows NT 10.0; Win64; x64) AppleWebKit/537.36 (KHTML, like Gecko) Chrome/147.0.0.0 Safari/537.36","69f56966572fd3c135c8a1be","2026-05-02T03:03:02.870000","2026-05-02T03:03:02.870000","69ee32c21259f0511987060d","elimcoen@gmail.com","false"
"3khnnta18qqmonqjw02","https://app.base44.com/","/games","Mozilla/5.0 (Windows NT 10.0; Win64; x64) AppleWebKit/537.36 (KHTML, like Gecko) Chrome/147.0.0.0 Safari/537.36","69f56966ff1c09ac4c9b5045","2026-05-02T03:03:02.430000","2026-05-02T03:03:02.430000","69ee32c21259f0511987060d","elimcoen@gmail.com","false"
"3khnnta18qqmonqjw02","https://app.base44.com/","/settings","Mozilla/5.0 (Windows NT 10.0; Win64; x64) AppleWebKit/537.36 (KHTML, like Gecko) Chrome/147.0.0.0 Safari/537.36","69f564ef0a6c0ecec8d6b65e","2026-05-02T02:43:59.110000","2026-05-02T02:43:59.110000","69ee32c21259f0511987060d","elimcoen@gmail.com","false"
"3khnnta18qqmonqjw02","https://app.base44.com/","/games","Mozilla/5.0 (Windows NT 10.0; Win64; x64) AppleWebKit/537.36 (KHTML, like Gecko) Chrome/147.0.0.0 Safari/537.36","69f564ea03c4a81c3dc5b4c4","2026-05-02T02:43:54.998000","2026-05-02T02:43:54.998000","69ee32c21259f0511987060d","elimcoen@gmail.com","false"
"3khnnta18qqmonqjw02","https://app.base44.com/","/","Mozilla/5.0 (Windows NT 10.0; Win64; x64) AppleWebKit/537.36 (KHTML, like Gecko) Chrome/147.0.0.0 Safari/537.36","69f5644325f438de775183db","2026-05-02T02:41:07.017000","2026-05-02T02:41:07.017000","69ee32c21259f0511987060d","elimcoen@gmail.com","false"